-- phpMyAdmin SQL Dump
-- version 4.9.1
-- https://www.phpmyadmin.net/
--
-- Host: 127.0.0.1
-- Generation Time: Aug 13, 2020 at 08:48 AM
-- Server version: 10.4.8-MariaDB
-- PHP Version: 7.2.24

SET SQL_MODE = "NO_AUTO_VALUE_ON_ZERO";
SET AUTOCOMMIT = 0;
START TRANSACTION;
SET time_zone = "+00:00";


/*!40101 SET @OLD_CHARACTER_SET_CLIENT=@@CHARACTER_SET_CLIENT */;
/*!40101 SET @OLD_CHARACTER_SET_RESULTS=@@CHARACTER_SET_RESULTS */;
/*!40101 SET @OLD_COLLATION_CONNECTION=@@COLLATION_CONNECTION */;
/*!40101 SET NAMES utf8mb4 */;

--
-- Database: `alahsamunicipality`
--

-- --------------------------------------------------------

--
-- Table structure for table `admin`
--

CREATE TABLE `admin` (
  `ID` varchar(12) NOT NULL,
  `Password` varchar(30) NOT NULL,
  `Email` varchar(150) NOT NULL
) ENGINE=InnoDB DEFAULT CHARSET=utf8;

--
-- Dumping data for table `admin`
--

INSERT INTO `admin` (`ID`, `Password`, `Email`) VALUES
('admin12345', '12341234', 'ccsit.kfu.activity@gmail.com'),
('adminadmin', '12345678', 'a.s.r.27718@gmail.com');

-- --------------------------------------------------------

--
-- Table structure for table `areas`
--

CREATE TABLE `areas` (
  `area_id` int(11) NOT NULL,
  `area_name` varchar(30) NOT NULL
) ENGINE=InnoDB DEFAULT CHARSET=utf8mb4;

--
-- Dumping data for table `areas`
--

INSERT INTO `areas` (`area_id`, `area_name`) VALUES
(1, 'بلدية الهفوف'),
(2, 'بلدية العيون'),
(3, 'بلدية المبرز'),
(4, 'امانة الاحساء'),
(5, 'بلدية الجفر'),
(7, 'بلدية جواثى'),
(8, 'بلدية سلوى');

-- --------------------------------------------------------

--
-- Table structure for table `booking`
--

CREATE TABLE `booking` (
  `booking_id` int(11) NOT NULL,
  `schedule_id` int(11) NOT NULL,
  `user_id` int(11) NOT NULL,
  `reason` text NOT NULL
) ENGINE=InnoDB DEFAULT CHARSET=utf8mb4;

-- --------------------------------------------------------

--
-- Table structure for table `schedules`
--

CREATE TABLE `schedules` (
  `schedule_id` int(11) NOT NULL,
  `schedule_date` date NOT NULL,
  `schedule_time` varchar(20) NOT NULL,
  `area_id` int(11) NOT NULL,
  `schedule_state` tinyint(1) NOT NULL
) ENGINE=InnoDB DEFAULT CHARSET=utf8mb4;

--
-- Dumping data for table `schedules`
--

INSERT INTO `schedules` (`schedule_id`, `schedule_date`, `schedule_time`, `area_id`, `schedule_state`) VALUES
(3854, '2020-08-12', '8:00ص', 1, 1),
(3855, '2020-08-12', '8:30ص', 1, 1),
(3856, '2020-08-12', '9:00ص', 1, 1),
(3857, '2020-08-12', '9:30ص', 1, 1),
(3858, '2020-08-12', '10:00ص', 1, 1),
(3859, '2020-08-12', '10:30ص', 1, 1),
(3860, '2020-08-12', '11:00ص', 1, 1),
(3861, '2020-08-12', '11:30ص', 1, 1),
(3862, '2020-08-12', '12:00م', 1, 1),
(3863, '2020-08-12', '12:30م', 1, 1),
(3864, '2020-08-12', '1:00م', 1, 1),
(3865, '2020-08-12', '1:30م', 1, 1),
(3866, '2020-08-13', '8:00ص', 1, 1),
(3867, '2020-08-13', '8:30ص', 1, 1),
(3868, '2020-08-13', '9:00ص', 1, 1),
(3869, '2020-08-13', '9:30ص', 1, 1),
(3870, '2020-08-13', '10:00ص', 1, 1),
(3871, '2020-08-13', '10:30ص', 1, 1),
(3872, '2020-08-13', '11:00ص', 1, 1),
(3873, '2020-08-13', '11:30ص', 1, 1),
(3874, '2020-08-13', '12:00م', 1, 1),
(3875, '2020-08-13', '12:30م', 1, 1),
(3876, '2020-08-13', '1:00م', 1, 1),
(3877, '2020-08-13', '1:30م', 1, 1),
(3878, '2020-08-16', '8:00ص', 1, 1),
(3879, '2020-08-16', '8:30ص', 1, 1),
(3880, '2020-08-16', '9:00ص', 1, 1),
(3881, '2020-08-16', '9:30ص', 1, 1),
(3882, '2020-08-16', '10:00ص', 1, 1),
(3883, '2020-08-16', '10:30ص', 1, 1),
(3884, '2020-08-16', '11:00ص', 1, 1),
(3885, '2020-08-16', '11:30ص', 1, 1),
(3886, '2020-08-16', '12:00م', 1, 1),
(3887, '2020-08-16', '12:30م', 1, 1),
(3888, '2020-08-16', '1:00م', 1, 1),
(3889, '2020-08-16', '1:30م', 1, 1),
(3890, '2020-08-17', '8:00ص', 1, 1),
(3891, '2020-08-17', '8:30ص', 1, 1),
(3892, '2020-08-17', '9:00ص', 1, 1),
(3893, '2020-08-17', '9:30ص', 1, 1),
(3894, '2020-08-17', '10:00ص', 1, 1),
(3895, '2020-08-17', '10:30ص', 1, 1),
(3896, '2020-08-17', '11:00ص', 1, 1),
(3897, '2020-08-17', '11:30ص', 1, 1),
(3898, '2020-08-17', '12:00م', 1, 1),
(3899, '2020-08-17', '12:30م', 1, 1),
(3900, '2020-08-17', '1:00م', 1, 1),
(3901, '2020-08-17', '1:30م', 1, 1),
(3914, '2020-08-12', '8:00ص', 2, 1),
(3915, '2020-08-12', '8:30ص', 2, 1),
(3916, '2020-08-12', '9:00ص', 2, 1),
(3917, '2020-08-12', '9:30ص', 2, 1),
(3918, '2020-08-12', '10:00ص', 2, 1),
(3919, '2020-08-12', '10:30ص', 2, 1),
(3920, '2020-08-12', '11:00ص', 2, 1),
(3921, '2020-08-12', '11:30ص', 2, 1),
(3922, '2020-08-12', '12:00م', 2, 1),
(3923, '2020-08-12', '12:30م', 2, 1),
(3924, '2020-08-12', '1:00م', 2, 1),
(3925, '2020-08-12', '1:30م', 2, 1),
(3926, '2020-08-13', '8:00ص', 2, 1),
(3927, '2020-08-13', '8:30ص', 2, 1),
(3928, '2020-08-13', '9:00ص', 2, 1),
(3929, '2020-08-13', '9:30ص', 2, 1),
(3930, '2020-08-13', '10:00ص', 2, 1),
(3931, '2020-08-13', '10:30ص', 2, 1),
(3932, '2020-08-13', '11:00ص', 2, 1),
(3933, '2020-08-13', '11:30ص', 2, 1),
(3934, '2020-08-13', '12:00م', 2, 1),
(3935, '2020-08-13', '12:30م', 2, 1),
(3936, '2020-08-13', '1:00م', 2, 1),
(3937, '2020-08-13', '1:30م', 2, 1),
(3938, '2020-08-16', '8:00ص', 2, 1),
(3939, '2020-08-16', '8:30ص', 2, 1),
(3940, '2020-08-16', '9:00ص', 2, 1),
(3941, '2020-08-16', '9:30ص', 2, 1),
(3942, '2020-08-16', '10:00ص', 2, 1),
(3943, '2020-08-16', '10:30ص', 2, 1),
(3944, '2020-08-16', '11:00ص', 2, 1),
(3945, '2020-08-16', '11:30ص', 2, 1),
(3946, '2020-08-16', '12:00م', 2, 1),
(3947, '2020-08-16', '12:30م', 2, 1),
(3948, '2020-08-16', '1:00م', 2, 1),
(3949, '2020-08-16', '1:30م', 2, 1),
(3950, '2020-08-17', '8:00ص', 2, 1),
(3951, '2020-08-17', '8:30ص', 2, 1),
(3952, '2020-08-17', '9:00ص', 2, 1),
(3953, '2020-08-17', '9:30ص', 2, 1),
(3954, '2020-08-17', '10:00ص', 2, 1),
(3955, '2020-08-17', '10:30ص', 2, 1),
(3956, '2020-08-17', '11:00ص', 2, 1),
(3957, '2020-08-17', '11:30ص', 2, 1),
(3958, '2020-08-17', '12:00م', 2, 1),
(3959, '2020-08-17', '12:30م', 2, 1),
(3960, '2020-08-17', '1:00م', 2, 1),
(3961, '2020-08-17', '1:30م', 2, 1),
(3974, '2020-08-12', '8:00ص', 3, 1),
(3975, '2020-08-12', '8:30ص', 3, 1),
(3976, '2020-08-12', '9:00ص', 3, 1),
(3977, '2020-08-12', '9:30ص', 3, 1),
(3978, '2020-08-12', '10:00ص', 3, 1),
(3979, '2020-08-12', '10:30ص', 3, 1),
(3980, '2020-08-12', '11:00ص', 3, 1),
(3981, '2020-08-12', '11:30ص', 3, 1),
(3982, '2020-08-12', '12:00م', 3, 1),
(3983, '2020-08-12', '12:30م', 3, 1),
(3984, '2020-08-12', '1:00م', 3, 1),
(3985, '2020-08-12', '1:30م', 3, 1),
(3986, '2020-08-13', '8:00ص', 3, 1),
(3987, '2020-08-13', '8:30ص', 3, 1),
(3988, '2020-08-13', '9:00ص', 3, 1),
(3989, '2020-08-13', '9:30ص', 3, 1),
(3990, '2020-08-13', '10:00ص', 3, 1),
(3991, '2020-08-13', '10:30ص', 3, 1),
(3992, '2020-08-13', '11:00ص', 3, 1),
(3993, '2020-08-13', '11:30ص', 3, 1),
(3994, '2020-08-13', '12:00م', 3, 1),
(3995, '2020-08-13', '12:30م', 3, 1),
(3996, '2020-08-13', '1:00م', 3, 1),
(3997, '2020-08-13', '1:30م', 3, 1),
(3998, '2020-08-16', '8:00ص', 3, 1),
(3999, '2020-08-16', '8:30ص', 3, 1),
(4000, '2020-08-16', '9:00ص', 3, 1),
(4001, '2020-08-16', '9:30ص', 3, 1),
(4002, '2020-08-16', '10:00ص', 3, 1),
(4003, '2020-08-16', '10:30ص', 3, 1),
(4004, '2020-08-16', '11:00ص', 3, 1),
(4005, '2020-08-16', '11:30ص', 3, 1),
(4006, '2020-08-16', '12:00م', 3, 1),
(4007, '2020-08-16', '12:30م', 3, 1),
(4008, '2020-08-16', '1:00م', 3, 1),
(4009, '2020-08-16', '1:30م', 3, 1),
(4010, '2020-08-17', '8:00ص', 3, 1),
(4011, '2020-08-17', '8:30ص', 3, 1),
(4012, '2020-08-17', '9:00ص', 3, 1),
(4013, '2020-08-17', '9:30ص', 3, 1),
(4014, '2020-08-17', '10:00ص', 3, 1),
(4015, '2020-08-17', '10:30ص', 3, 1),
(4016, '2020-08-17', '11:00ص', 3, 1),
(4017, '2020-08-17', '11:30ص', 3, 1),
(4018, '2020-08-17', '12:00م', 3, 1),
(4019, '2020-08-17', '12:30م', 3, 1),
(4020, '2020-08-17', '1:00م', 3, 1),
(4021, '2020-08-17', '1:30م', 3, 1),
(4034, '2020-08-12', '8:00ص', 4, 1),
(4035, '2020-08-12', '8:30ص', 4, 1),
(4036, '2020-08-12', '9:00ص', 4, 1),
(4037, '2020-08-12', '9:30ص', 4, 1),
(4038, '2020-08-12', '10:00ص', 4, 1),
(4039, '2020-08-12', '10:30ص', 4, 1),
(4040, '2020-08-12', '11:00ص', 4, 1),
(4041, '2020-08-12', '11:30ص', 4, 1),
(4042, '2020-08-12', '12:00م', 4, 1),
(4043, '2020-08-12', '12:30م', 4, 0),
(4044, '2020-08-12', '1:00م', 4, 1),
(4045, '2020-08-12', '1:30م', 4, 1),
(4046, '2020-08-13', '8:00ص', 4, 1),
(4047, '2020-08-13', '8:30ص', 4, 1),
(4048, '2020-08-13', '9:00ص', 4, 1),
(4049, '2020-08-13', '9:30ص', 4, 1),
(4050, '2020-08-13', '10:00ص', 4, 1),
(4051, '2020-08-13', '10:30ص', 4, 1),
(4052, '2020-08-13', '11:00ص', 4, 1),
(4053, '2020-08-13', '11:30ص', 4, 1),
(4054, '2020-08-13', '12:00م', 4, 1),
(4055, '2020-08-13', '12:30م', 4, 0),
(4056, '2020-08-13', '1:00م', 4, 1),
(4057, '2020-08-13', '1:30م', 4, 1),
(4058, '2020-08-16', '8:00ص', 4, 1),
(4059, '2020-08-16', '8:30ص', 4, 1),
(4060, '2020-08-16', '9:00ص', 4, 1),
(4061, '2020-08-16', '9:30ص', 4, 1),
(4062, '2020-08-16', '10:00ص', 4, 1),
(4063, '2020-08-16', '10:30ص', 4, 1),
(4064, '2020-08-16', '11:00ص', 4, 1),
(4065, '2020-08-16', '11:30ص', 4, 1),
(4066, '2020-08-16', '12:00م', 4, 1),
(4067, '2020-08-16', '12:30م', 4, 1),
(4068, '2020-08-16', '1:00م', 4, 1),
(4069, '2020-08-16', '1:30م', 4, 1),
(4070, '2020-08-17', '8:00ص', 4, 1),
(4071, '2020-08-17', '8:30ص', 4, 1),
(4072, '2020-08-17', '9:00ص', 4, 1),
(4073, '2020-08-17', '9:30ص', 4, 1),
(4074, '2020-08-17', '10:00ص', 4, 1),
(4075, '2020-08-17', '10:30ص', 4, 1),
(4076, '2020-08-17', '11:00ص', 4, 1),
(4077, '2020-08-17', '11:30ص', 4, 1),
(4078, '2020-08-17', '12:00م', 4, 1),
(4079, '2020-08-17', '12:30م', 4, 1),
(4080, '2020-08-17', '1:00م', 4, 1),
(4081, '2020-08-17', '1:30م', 4, 1),
(4094, '2020-08-12', '8:00ص', 5, 1),
(4095, '2020-08-12', '8:30ص', 5, 1),
(4096, '2020-08-12', '9:00ص', 5, 1),
(4097, '2020-08-12', '9:30ص', 5, 1),
(4098, '2020-08-12', '10:00ص', 5, 1),
(4099, '2020-08-12', '10:30ص', 5, 1),
(4100, '2020-08-12', '11:00ص', 5, 1),
(4101, '2020-08-12', '11:30ص', 5, 1),
(4102, '2020-08-12', '12:00م', 5, 1),
(4103, '2020-08-12', '12:30م', 5, 1),
(4104, '2020-08-12', '1:00م', 5, 1),
(4105, '2020-08-12', '1:30م', 5, 1),
(4106, '2020-08-13', '8:00ص', 5, 1),
(4107, '2020-08-13', '8:30ص', 5, 1),
(4108, '2020-08-13', '9:00ص', 5, 1),
(4109, '2020-08-13', '9:30ص', 5, 1),
(4110, '2020-08-13', '10:00ص', 5, 1),
(4111, '2020-08-13', '10:30ص', 5, 1),
(4112, '2020-08-13', '11:00ص', 5, 1),
(4113, '2020-08-13', '11:30ص', 5, 1),
(4114, '2020-08-13', '12:00م', 5, 1),
(4115, '2020-08-13', '12:30م', 5, 1),
(4116, '2020-08-13', '1:00م', 5, 1),
(4117, '2020-08-13', '1:30م', 5, 1),
(4118, '2020-08-16', '8:00ص', 5, 1),
(4119, '2020-08-16', '8:30ص', 5, 1),
(4120, '2020-08-16', '9:00ص', 5, 1),
(4121, '2020-08-16', '9:30ص', 5, 1),
(4122, '2020-08-16', '10:00ص', 5, 1),
(4123, '2020-08-16', '10:30ص', 5, 1),
(4124, '2020-08-16', '11:00ص', 5, 1),
(4125, '2020-08-16', '11:30ص', 5, 1),
(4126, '2020-08-16', '12:00م', 5, 1),
(4127, '2020-08-16', '12:30م', 5, 1),
(4128, '2020-08-16', '1:00م', 5, 1),
(4129, '2020-08-16', '1:30م', 5, 1),
(4130, '2020-08-17', '8:00ص', 5, 1),
(4131, '2020-08-17', '8:30ص', 5, 1),
(4132, '2020-08-17', '9:00ص', 5, 1),
(4133, '2020-08-17', '9:30ص', 5, 1),
(4134, '2020-08-17', '10:00ص', 5, 1),
(4135, '2020-08-17', '10:30ص', 5, 1),
(4136, '2020-08-17', '11:00ص', 5, 1),
(4137, '2020-08-17', '11:30ص', 5, 1),
(4138, '2020-08-17', '12:00م', 5, 1),
(4139, '2020-08-17', '12:30م', 5, 1),
(4140, '2020-08-17', '1:00م', 5, 1),
(4141, '2020-08-17', '1:30م', 5, 1),
(4202, '2020-08-18', '8:00ص', 1, 1),
(4203, '2020-08-18', '8:30ص', 1, 1),
(4204, '2020-08-18', '9:00ص', 1, 1),
(4205, '2020-08-18', '9:30ص', 1, 1),
(4206, '2020-08-18', '10:00ص', 1, 1),
(4207, '2020-08-18', '10:30ص', 1, 1),
(4208, '2020-08-18', '11:00ص', 1, 1),
(4209, '2020-08-18', '11:30ص', 1, 1),
(4210, '2020-08-18', '12:00م', 1, 1),
(4211, '2020-08-18', '12:30م', 1, 1),
(4212, '2020-08-18', '1:00م', 1, 1),
(4213, '2020-08-18', '1:30م', 1, 1),
(4214, '2020-08-18', '8:00ص', 2, 1),
(4215, '2020-08-18', '8:30ص', 2, 1),
(4216, '2020-08-18', '9:00ص', 2, 1),
(4217, '2020-08-18', '9:30ص', 2, 1),
(4218, '2020-08-18', '10:00ص', 2, 1),
(4219, '2020-08-18', '10:30ص', 2, 1),
(4220, '2020-08-18', '11:00ص', 2, 1),
(4221, '2020-08-18', '11:30ص', 2, 1),
(4222, '2020-08-18', '12:00م', 2, 1),
(4223, '2020-08-18', '12:30م', 2, 1),
(4224, '2020-08-18', '1:00م', 2, 1),
(4225, '2020-08-18', '1:30م', 2, 1),
(4226, '2020-08-18', '8:00ص', 3, 1),
(4227, '2020-08-18', '8:30ص', 3, 1),
(4228, '2020-08-18', '9:00ص', 3, 1),
(4229, '2020-08-18', '9:30ص', 3, 1),
(4230, '2020-08-18', '10:00ص', 3, 1),
(4231, '2020-08-18', '10:30ص', 3, 1),
(4232, '2020-08-18', '11:00ص', 3, 1),
(4233, '2020-08-18', '11:30ص', 3, 1),
(4234, '2020-08-18', '12:00م', 3, 1),
(4235, '2020-08-18', '12:30م', 3, 1),
(4236, '2020-08-18', '1:00م', 3, 1),
(4237, '2020-08-18', '1:30م', 3, 1),
(4238, '2020-08-18', '8:00ص', 4, 1),
(4239, '2020-08-18', '8:30ص', 4, 1),
(4240, '2020-08-18', '9:00ص', 4, 1),
(4241, '2020-08-18', '9:30ص', 4, 1),
(4242, '2020-08-18', '10:00ص', 4, 1),
(4243, '2020-08-18', '10:30ص', 4, 1),
(4244, '2020-08-18', '11:00ص', 4, 1),
(4245, '2020-08-18', '11:30ص', 4, 1),
(4246, '2020-08-18', '12:00م', 4, 0),
(4247, '2020-08-18', '12:30م', 4, 1),
(4248, '2020-08-18', '1:00م', 4, 1),
(4249, '2020-08-18', '1:30م', 4, 1),
(4250, '2020-08-18', '8:00ص', 5, 1),
(4251, '2020-08-18', '8:30ص', 5, 1),
(4252, '2020-08-18', '9:00ص', 5, 1),
(4253, '2020-08-18', '9:30ص', 5, 1),
(4254, '2020-08-18', '10:00ص', 5, 1),
(4255, '2020-08-18', '10:30ص', 5, 1),
(4256, '2020-08-18', '11:00ص', 5, 1),
(4257, '2020-08-18', '11:30ص', 5, 1),
(4258, '2020-08-18', '12:00م', 5, 1),
(4259, '2020-08-18', '12:30م', 5, 1),
(4260, '2020-08-18', '1:00م', 5, 1),
(4261, '2020-08-18', '1:30م', 5, 1),
(4262, '2020-08-12', '8:00ص', 7, 0),
(4263, '2020-08-12', '8:30ص', 7, 1),
(4264, '2020-08-12', '9:00ص', 7, 1),
(4265, '2020-08-12', '9:30ص', 7, 0),
(4266, '2020-08-12', '10:00ص', 7, 1),
(4267, '2020-08-12', '10:30ص', 7, 1),
(4268, '2020-08-12', '11:00ص', 7, 1),
(4269, '2020-08-12', '11:30ص', 7, 1),
(4270, '2020-08-12', '12:00م', 7, 1),
(4271, '2020-08-12', '12:30م', 7, 1),
(4272, '2020-08-12', '1:00م', 7, 1),
(4273, '2020-08-12', '1:30م', 7, 1),
(4274, '2020-08-13', '8:00ص', 7, 0),
(4275, '2020-08-13', '8:30ص', 7, 1),
(4276, '2020-08-13', '9:00ص', 7, 1),
(4277, '2020-08-13', '9:30ص', 7, 1),
(4278, '2020-08-13', '10:00ص', 7, 1),
(4279, '2020-08-13', '10:30ص', 7, 1),
(4280, '2020-08-13', '11:00ص', 7, 1),
(4281, '2020-08-13', '11:30ص', 7, 1),
(4282, '2020-08-13', '12:00م', 7, 1),
(4283, '2020-08-13', '12:30م', 7, 1),
(4284, '2020-08-13', '1:00م', 7, 1),
(4285, '2020-08-13', '1:30م', 7, 1),
(4286, '2020-08-16', '8:00ص', 7, 1),
(4287, '2020-08-16', '8:30ص', 7, 1),
(4288, '2020-08-16', '9:00ص', 7, 1),
(4289, '2020-08-16', '9:30ص', 7, 1),
(4290, '2020-08-16', '10:00ص', 7, 1),
(4291, '2020-08-16', '10:30ص', 7, 1),
(4292, '2020-08-16', '11:00ص', 7, 1),
(4293, '2020-08-16', '11:30ص', 7, 1),
(4294, '2020-08-16', '12:00م', 7, 1),
(4295, '2020-08-16', '12:30م', 7, 1),
(4296, '2020-08-16', '1:00م', 7, 1),
(4297, '2020-08-16', '1:30م', 7, 1),
(4298, '2020-08-17', '8:00ص', 7, 1),
(4299, '2020-08-17', '8:30ص', 7, 1),
(4300, '2020-08-17', '9:00ص', 7, 1),
(4301, '2020-08-17', '9:30ص', 7, 1),
(4302, '2020-08-17', '10:00ص', 7, 1),
(4303, '2020-08-17', '10:30ص', 7, 1),
(4304, '2020-08-17', '11:00ص', 7, 1),
(4305, '2020-08-17', '11:30ص', 7, 1),
(4306, '2020-08-17', '12:00م', 7, 1),
(4307, '2020-08-17', '12:30م', 7, 1),
(4308, '2020-08-17', '1:00م', 7, 1),
(4309, '2020-08-17', '1:30م', 7, 1),
(4310, '2020-08-18', '8:00ص', 7, 1),
(4311, '2020-08-18', '8:30ص', 7, 1),
(4312, '2020-08-18', '9:00ص', 7, 1),
(4313, '2020-08-18', '9:30ص', 7, 1),
(4314, '2020-08-18', '10:00ص', 7, 1),
(4315, '2020-08-18', '10:30ص', 7, 1),
(4316, '2020-08-18', '11:00ص', 7, 1),
(4317, '2020-08-18', '11:30ص', 7, 1),
(4318, '2020-08-18', '12:00م', 7, 1),
(4319, '2020-08-18', '12:30م', 7, 1),
(4320, '2020-08-18', '1:00م', 7, 1),
(4321, '2020-08-18', '1:30م', 7, 1),
(4322, '2020-08-12', '8:00ص', 8, 0),
(4323, '2020-08-12', '8:30ص', 8, 0),
(4324, '2020-08-12', '9:00ص', 8, 0),
(4325, '2020-08-12', '9:30ص', 8, 1),
(4326, '2020-08-12', '10:00ص', 8, 1),
(4327, '2020-08-12', '10:30ص', 8, 1),
(4328, '2020-08-12', '11:00ص', 8, 1),
(4329, '2020-08-12', '11:30ص', 8, 1),
(4330, '2020-08-12', '12:00م', 8, 1),
(4331, '2020-08-12', '12:30م', 8, 1),
(4332, '2020-08-12', '1:00م', 8, 1),
(4333, '2020-08-12', '1:30م', 8, 1),
(4334, '2020-08-13', '8:00ص', 8, 1),
(4335, '2020-08-13', '8:30ص', 8, 1),
(4336, '2020-08-13', '9:00ص', 8, 1),
(4337, '2020-08-13', '9:30ص', 8, 1),
(4338, '2020-08-13', '10:00ص', 8, 1),
(4339, '2020-08-13', '10:30ص', 8, 1),
(4340, '2020-08-13', '11:00ص', 8, 1),
(4341, '2020-08-13', '11:30ص', 8, 1),
(4342, '2020-08-13', '12:00م', 8, 1),
(4343, '2020-08-13', '12:30م', 8, 1),
(4344, '2020-08-13', '1:00م', 8, 1),
(4345, '2020-08-13', '1:30م', 8, 1),
(4346, '2020-08-16', '8:00ص', 8, 1),
(4347, '2020-08-16', '8:30ص', 8, 1),
(4348, '2020-08-16', '9:00ص', 8, 1),
(4349, '2020-08-16', '9:30ص', 8, 1),
(4350, '2020-08-16', '10:00ص', 8, 1),
(4351, '2020-08-16', '10:30ص', 8, 1),
(4352, '2020-08-16', '11:00ص', 8, 1),
(4353, '2020-08-16', '11:30ص', 8, 1),
(4354, '2020-08-16', '12:00م', 8, 1),
(4355, '2020-08-16', '12:30م', 8, 1),
(4356, '2020-08-16', '1:00م', 8, 1),
(4357, '2020-08-16', '1:30م', 8, 1),
(4358, '2020-08-17', '8:00ص', 8, 1),
(4359, '2020-08-17', '8:30ص', 8, 1),
(4360, '2020-08-17', '9:00ص', 8, 1),
(4361, '2020-08-17', '9:30ص', 8, 1),
(4362, '2020-08-17', '10:00ص', 8, 1),
(4363, '2020-08-17', '10:30ص', 8, 1),
(4364, '2020-08-17', '11:00ص', 8, 1),
(4365, '2020-08-17', '11:30ص', 8, 1),
(4366, '2020-08-17', '12:00م', 8, 1),
(4367, '2020-08-17', '12:30م', 8, 1),
(4368, '2020-08-17', '1:00م', 8, 1),
(4369, '2020-08-17', '1:30م', 8, 1),
(4370, '2020-08-18', '8:00ص', 8, 1),
(4371, '2020-08-18', '8:30ص', 8, 1),
(4372, '2020-08-18', '9:00ص', 8, 1),
(4373, '2020-08-18', '9:30ص', 8, 1),
(4374, '2020-08-18', '10:00ص', 8, 1),
(4375, '2020-08-18', '10:30ص', 8, 1),
(4376, '2020-08-18', '11:00ص', 8, 1),
(4377, '2020-08-18', '11:30ص', 8, 1),
(4378, '2020-08-18', '12:00م', 8, 1),
(4379, '2020-08-18', '12:30م', 8, 1),
(4380, '2020-08-18', '1:00م', 8, 1),
(4381, '2020-08-18', '1:30م', 8, 1);

-- --------------------------------------------------------

--
-- Table structure for table `subscriptions`
--

CREATE TABLE `subscriptions` (
  `ID` int(3) NOT NULL,
  `description` varchar(50) NOT NULL
) ENGINE=MyISAM DEFAULT CHARSET=utf8;

-- --------------------------------------------------------

--
-- Table structure for table `user`
--

CREATE TABLE `user` (
  `National_ID` int(10) NOT NULL,
  `Full_Name` varchar(30) CHARACTER SET utf8 NOT NULL,
  `Birthday` date NOT NULL,
  `Email` varchar(30) COLLATE latin1_bin NOT NULL,
  `Phone` varchar(10) COLLATE latin1_bin NOT NULL,
  `Gender` varchar(8) CHARACTER SET utf8 NOT NULL,
  `Password` varchar(30) COLLATE latin1_bin NOT NULL
) ENGINE=InnoDB DEFAULT CHARSET=latin1 COLLATE=latin1_bin;

--
-- Dumping data for table `user`
--

INSERT INTO `user` (`National_ID`, `Full_Name`, `Birthday`, `Email`, `Phone`, `Gender`, `Password`) VALUES
(1092160225, 'وجدان أحمد المهيني', '1997-09-06', 'wejdan.mmohd@gmail.com', '0599607767', 'انثى', 'jod4444@'),
(1092345678, 'اسراء عبدالمحسن الشريط', '1997-11-28', 'esraaalshareet@gmail.com', '536325396', 'انثى', '12345678'),
(1234567890, 'محمد عبدالمحسن الشريط', '2002-10-09', 'm.h.g2002@hotmail.com', '0503889421', 'ذكر', '88888888');

--
-- Indexes for dumped tables
--

--
-- Indexes for table `admin`
--
ALTER TABLE `admin`
  ADD PRIMARY KEY (`ID`);

--
-- Indexes for table `areas`
--
ALTER TABLE `areas`
  ADD PRIMARY KEY (`area_id`);

--
-- Indexes for table `booking`
--
ALTER TABLE `booking`
  ADD PRIMARY KEY (`booking_id`),
  ADD KEY `schedule_id` (`schedule_id`),
  ADD KEY `user_id` (`user_id`);

--
-- Indexes for table `schedules`
--
ALTER TABLE `schedules`
  ADD PRIMARY KEY (`schedule_id`),
  ADD KEY `area_id` (`area_id`);

--
-- Indexes for table `subscriptions`
--
ALTER TABLE `subscriptions`
  ADD PRIMARY KEY (`ID`);

--
-- Indexes for table `user`
--
ALTER TABLE `user`
  ADD PRIMARY KEY (`National_ID`),
  ADD UNIQUE KEY `National_ID` (`National_ID`,`Email`,`Phone`);

--
-- AUTO_INCREMENT for dumped tables
--

--
-- AUTO_INCREMENT for table `areas`
--
ALTER TABLE `areas`
  MODIFY `area_id` int(11) NOT NULL AUTO_INCREMENT, AUTO_INCREMENT=9;

--
-- AUTO_INCREMENT for table `booking`
--
ALTER TABLE `booking`
  MODIFY `booking_id` int(11) NOT NULL AUTO_INCREMENT, AUTO_INCREMENT=25;

--
-- AUTO_INCREMENT for table `schedules`
--
ALTER TABLE `schedules`
  MODIFY `schedule_id` int(11) NOT NULL AUTO_INCREMENT, AUTO_INCREMENT=4382;

--
-- AUTO_INCREMENT for table `subscriptions`
--
ALTER TABLE `subscriptions`
  MODIFY `ID` int(3) NOT NULL AUTO_INCREMENT;
COMMIT;

/*!40101 SET CHARACTER_SET_CLIENT=@OLD_CHARACTER_SET_CLIENT */;
/*!40101 SET CHARACTER_SET_RESULTS=@OLD_CHARACTER_SET_RESULTS */;
/*!40101 SET COLLATION_CONNECTION=@OLD_COLLATION_CONNECTION */;
